PatientID,FirstName,LastName,DateOfBirth,Gender,Email,Phone,Address,NHSNumber
P001,David,Williams,1955-06-04,F,david.williams@mail.com,6939585183,789 Pine Rd,NHS840674
P002,Emily,Smith,1984-10-12,F,emily.smith@mail.com,8228188767,321 Maple Dr,NHS354079
P003,Laura,Jones,1977-08-21,M,laura.jones@mail.com,8397029847,321 Maple Dr,NHS650929
P004,Michael,Johnson,1981-02-20,F,michael.johnson@mail.com,9019443432,123 Elm St,NHS789944
P005,David,Wilson,1960-06-23,M,david.wilson@mail.com,7734463155,123 Elm St,NHS788105
P006,Linda,Jones,1963-06-16,M,linda.jones@mail.com,7561777264,321 Maple Dr,NHS613758
P007,Alex,Johnson,1989-06-08,F,alex.johnson@mail.com,6278710077,789 Pine Rd,NHS465890
P008,David,Davis,1976-07-05,F,david.davis@mail.com,7090558393,456 Oak Ave,NHS545101
P009,Laura,Davis,1971-12-11,M,laura.davis@mail.com,7060324619,321 Maple Dr,NHS136631
P010,Michael,Taylor,2001-10-13,M,michael.taylor@mail.com,7081396733,123 Elm St,NHS866577
P011,Emily,Jones,1966-12-04,F,emily.jones@mail.com,8990604070,789 Pine Rd,NHS172991
P012,Laura,Davis,1991-12-08,F,laura.davis@mail.com,8135666049,321 Maple Dr,NHS104014
P013,Laura,Johnson,1990-03-28,F,laura.johnson@mail.com,9059178882,321 Maple Dr,NHS373237
P014,Alex,Taylor,1968-02-27,M,alex.taylor@mail.com,7292262512,789 Pine Rd,NHS118070
P015,Sarah,Johnson,1964-05-11,M,sarah.johnson@mail.com,6636028516,321 Maple Dr,NHS922209
P016,Michael,Taylor,2000-07-22,M,michael.taylor@mail.com,7223380592,789 Pine Rd,NHS156958
P017,Jane,Jones,1991-05-01,M,jane.jones@mail.com,6158428240,456 Oak Ave,NHS182074
P018,Laura,Wilson,1979-09-24,M,laura.wilson@mail.com,7145815738,789 Pine Rd,NHS635017
P019,Sarah,Miller,1975-05-24,M,sarah.miller@mail.com,8618058864,789 Pine Rd,NHS855073
P020,Jane,Moore,2003-06-06,F,jane.moore@mail.com,8158989953,789 Pine Rd,NHS276089
P021,Michael,Wilson,2002-03-01,M,michael.wilson@mail.com,7765390555,321 Maple Dr,NHS297392
P022,John,Brown,1955-05-10,M,john.brown@mail.com,6221099573,321 Maple Dr,NHS258823
P023,Linda,Johnson,1994-02-22,M,linda.johnson@mail.com,6141951830,789 Pine Rd,NHS730152
P024,Sarah,Brown,1991-11-04,F,sarah.brown@mail.com,7196777444,321 Maple Dr,NHS493002
P025,Robert,Wilson,1966-08-14,M,robert.wilson@mail.com,7482069727,123 Elm St,NHS833429
P026,John,Taylor,2003-11-28,M,john.taylor@mail.com,9900972256,123 Elm St,NHS598863
P027,Linda,Moore,1998-06-29,F,linda.moore@mail.com,8724518272,321 Maple Dr,NHS467654
P028,Alex,Moore,1993-04-13,M,alex.moore@mail.com,7028910482,321 Maple Dr,NHS679036
P029,David,Smith,2005-05-15,M,david.smith@mail.com,8923607677,789 Pine Rd,NHS630089
P030,Emily,Moore,1964-12-23,M,emily.moore@mail.com,6622318721,456 Oak Ave,NHS250262
P031,Robert,Miller,1987-01-14,M,robert.miller@mail.com,8280346676,321 Maple Dr,NHS542905
P032,Alex,Moore,1981-01-08,M,alex.moore@mail.com,8102183595,123 Elm St,NHS335362
P033,Michael,Wilson,1970-02-06,F,michael.wilson@mail.com,7923214041,789 Pine Rd,NHS544209
P034,Alex,Smith,1950-01-26,F,alex.smith@mail.com,8374657733,321 Maple Dr,NHS653880
P035,David,Wilson,1993-04-13,F,david.wilson@mail.com,7039619487,123 Elm St,NHS897079
P036,Michael,Wilson,1997-12-26,M,michael.wilson@mail.com,8545613046,123 Elm St,NHS764076
P037,Robert,Williams,1999-02-05,M,robert.williams@mail.com,8886800195,456 Oak Ave,NHS319963
P038,David,Smith,1991-06-25,M,david.smith@mail.com,6347262390,789 Pine Rd,NHS580761
P039,Jane,Wilson,1950-12-12,F,jane.wilson@mail.com,9271131338,789 Pine Rd,NHS348710
P040,Emily,Williams,1972-05-30,M,emily.williams@mail.com,7587653815,456 Oak Ave,NHS320984
P041,Robert,Williams,1951-06-19,M,robert.williams@mail.com,7020645498,456 Oak Ave,NHS997059
P042,Jane,Smith,1954-08-22,F,jane.smith@mail.com,7040069008,789 Pine Rd,NHS956748
P043,Linda,Brown,1980-03-25,M,linda.brown@mail.com,9127665406,789 Pine Rd,NHS882355
P044,Robert,Taylor,1976-03-11,F,robert.taylor@mail.com,9449458981,321 Maple Dr,NHS364512
P045,Linda,Miller,1966-04-25,F,linda.miller@mail.com,7579616535,321 Maple Dr,NHS701863
P046,Michael,Taylor,1986-09-01,F,michael.taylor@mail.com,8019925828,456 Oak Ave,NHS368799
P047,Jane,Moore,1995-12-13,M,jane.moore@mail.com,8715732851,321 Maple Dr,NHS337549
P048,Emily,Miller,1983-03-24,M,emily.miller@mail.com,8720989381,123 Elm St,NHS694319
P049,David,Moore,1972-11-26,M,david.moore@mail.com,7712937941,321 Maple Dr,NHS584299
P050,Laura,Wilson,1993-12-27,M,laura.wilson@mail.com,8301134730,321 Maple Dr,NHS712210
